seed,query_id,category,question,mode2_success,mode4_success,delta_success,mode2_accuracy,mode4_accuracy,delta_accuracy,mode2_retries,mode4_retries,delta_retries,mode2_tokens,mode4_tokens,delta_tokens,mode2_latency_ms,mode4_latency_ms,delta_latency_ms,mode4_memory_retrieval_count,mode4_memory_admission,mode4_reinforced_memory_id,is_execution_failure,has_positive_retry_delta,divergent_semantic_query,has_token_overhead,has_latency_overhead,overlap_divergent_and_extra_retries,outcome_classification
42,Q01,Category A — Simple Aggregations & Groupings,What is the total gross revenue across all transactions?,True,True,0,True,True,0,0,0,0,378.0,378.0,0.0,3282.19,3569.53,287.35,0,NONE,,False,False,False,False,True,False,Outcome & Token Parity
42,Q02,Category A — Simple Aggregations & Groupings,What is the total units sold by product category?,True,True,0,True,True,0,0,0,0,330.0,330.0,0.0,4557.35,4398.26,-159.1,0,NONE,,False,False,False,False,False,False,Outcome & Token Parity
42,Q03,Category A — Simple Aggregations & Groupings,What is the average discount applied across all transactions?,True,True,0,True,True,0,0,0,0,375.0,375.0,0.0,3109.09,3090.9,-18.19,0,NONE,,False,False,False,False,False,False,Outcome & Token Parity
42,Q04,Category A — Simple Aggregations & Groupings,How many transactions were recorded per market type?,True,True,0,True,True,0,1,1,0,740.0,821.0,81.0,9088.35,10920.94,1832.59,0,ADMITTED,,False,False,False,True,True,False,Parity with Token Overhead
42,Q05,Category A — Simple Aggregations & Groupings,What is the total net profit by calendar quarter in 2025?,True,True,0,False,False,0,0,0,0,360.0,360.0,0.0,5029.99,7248.23,2218.24,0,NONE,,False,False,True,False,True,False,Semantic Divergence
42,Q06,Category B — Multi-Table Analytical Joins,What is the total gross revenue by geographic region?,True,True,0,True,True,0,0,0,0,329.0,329.0,0.0,4498.63,6709.23,2210.6,0,NONE,,False,False,False,False,True,False,Outcome & Token Parity
42,Q07,Category B — Multi-Table Analytical Joins,What is the total net profit by product category and market type?,True,True,0,True,True,0,0,0,0,393.0,393.0,0.0,5424.08,7657.98,2233.9,0,NONE,,False,False,False,False,True,False,Outcome & Token Parity
42,Q08,Category B — Multi-Table Analytical Joins,What is the total units sold by region and calendar month in 2025?,True,True,0,True,True,0,0,1,1,414.0,1091.0,677.0,5788.26,14302.53,8514.28,1,EXISTING_REINFORCED,mem-f5e66b70,False,True,False,True,True,False,Mode 4 Extra Retries
42,Q09,Category B — Multi-Table Analytical Joins,What is the total gross revenue and net profit for Hardware category by region?,True,True,0,True,True,0,0,0,0,406.0,406.0,0.0,5993.44,7997.69,2004.24,0,NONE,,False,False,False,False,True,False,Outcome & Token Parity
42,Q10,Category B — Multi-Table Analytical Joins,What is the average discount applied per product sub-category in the Enterprise market?,True,True,0,True,True,0,0,0,0,400.0,400.0,0.0,5705.5,7778.1,2072.6,1,NONE,,False,False,False,False,True,False,Outcome & Token Parity
42,Q11,Category B — Multi-Table Analytical Joins,What is the total net profit by day of the week for the Commercial market type?,False,False,0,False,False,0,3,3,0,2088.0,2553.0,465.0,23857.56,25652.99,1795.42,0,TERMINAL_FAILURE_NOT_ADMITTED,,True,False,False,True,True,False,Execution Failure
42,Q12,Category B — Multi-Table Analytical Joins,What is the total units sold by product name in the EMEA region?,True,True,0,True,True,0,0,0,0,395.0,395.0,0.0,5531.4,7569.81,2038.41,0,NONE,,False,False,False,False,True,False,Outcome & Token Parity
42,Q13,Category B — Multi-Table Analytical Joins,What is the total gross revenue by zone in North America?,True,True,0,True,True,0,1,1,0,758.0,840.0,82.0,9157.04,13282.37,4125.33,0,ADMITTED,,False,False,False,True,True,False,Parity with Token Overhead
42,Q14,Category C — Advanced Analytical Queries,Rank product categories by total gross revenue.,True,True,0,False,False,0,0,0,0,340.0,340.0,0.0,4899.04,6891.36,1992.32,0,NONE,,False,False,True,False,True,False,Semantic Divergence
42,Q15,Category C — Advanced Analytical Queries,Calculate the running total of gross revenue across calendar months of 2025.,True,True,0,False,False,0,1,1,0,909.0,980.0,71.0,12106.92,15939.25,3832.34,0,ADMITTED,,False,False,True,True,True,False,Semantic Divergence
42,Q16,Category C — Advanced Analytical Queries,What are the top 3 products by total net profit?,True,True,0,True,True,0,0,0,0,347.0,347.0,0.0,5045.13,7126.13,2081.0,1,NONE,,False,False,False,False,True,False,Outcome & Token Parity
42,Q17,Category C — Advanced Analytical Queries,Show monthly gross revenue along with previous month gross revenue in 2025 using LAG.,True,True,0,False,False,0,1,1,0,935.0,1209.0,274.0,12918.27,15217.03,2298.76,3,EXISTING_REINFORCED,mem-4ff9e3d8,False,False,True,True,True,False,Semantic Divergence
42,Q18,Category C — Advanced Analytical Queries,"For each product category, rank products by total units sold.",True,True,0,False,False,0,0,0,0,346.0,346.0,0.0,5005.53,6941.75,1936.22,3,NONE,,False,False,True,False,True,False,Semantic Divergence
42,Q19,Category C — Advanced Analytical Queries,What is the percentage contribution of each region to total gross revenue?,True,True,0,False,False,0,0,0,0,368.0,368.0,0.0,6086.51,8017.66,1931.15,1,NONE,,False,False,True,False,True,False,Semantic Divergence
42,Q20,Category D — Semantic / Schema Trap Queries,What is the total revenue by region?,True,True,0,True,True,0,0,0,0,325.0,325.0,0.0,4501.45,6548.06,2046.61,1,NONE,,False,False,False,False,True,False,Outcome & Token Parity
42,Q21,Category D — Semantic / Schema Trap Queries,Show total discount by product category.,True,True,0,True,True,0,0,0,0,326.0,326.0,0.0,4370.99,6336.96,1965.97,1,NONE,,False,False,False,False,True,False,Outcome & Token Parity
42,Q22,Category D — Semantic / Schema Trap Queries,What is the total profit for each product category?,True,True,0,True,True,0,0,0,0,330.0,330.0,0.0,4346.14,6335.46,1989.33,1,NONE,,False,False,False,False,True,False,Outcome & Token Parity
42,Q23,Category D — Semantic / Schema Trap Queries,What is the average cost of products in each sub-category?,True,True,0,True,True,0,0,0,0,313.0,313.0,0.0,3560.6,5703.06,2142.45,1,NONE,,False,False,False,False,True,False,Outcome & Token Parity
42,Q24,Category D — Semantic / Schema Trap Queries,What is the total gross revenue by market?,True,True,0,True,True,0,0,0,0,330.0,330.0,0.0,4528.76,6633.54,2104.78,1,NONE,,False,False,False,False,True,False,Outcome & Token Parity
42,Q25,Category D — Semantic / Schema Trap Queries,What is the total profit and total revenue for each market type?,True,True,0,False,False,0,0,0,0,364.0,364.0,0.0,5692.67,7829.52,2136.85,1,NONE,,False,False,True,False,True,False,Semantic Divergence
123,Q01,Category A — Simple Aggregations & Groupings,What is the total gross revenue across all transactions?,True,True,0,True,True,0,0,0,0,378.0,378.0,0.0,3247.43,3295.8,48.37,0,NONE,,False,False,False,False,True,False,Outcome & Token Parity
123,Q02,Category A — Simple Aggregations & Groupings,What is the total units sold by product category?,True,True,0,True,True,0,0,0,0,330.0,330.0,0.0,4340.63,4284.07,-56.57,0,NONE,,False,False,False,False,False,False,Outcome & Token Parity
123,Q03,Category A — Simple Aggregations & Groupings,What is the average discount applied across all transactions?,True,True,0,True,True,0,0,0,0,375.0,375.0,0.0,3059.88,3065.94,6.07,0,NONE,,False,False,False,False,True,False,Outcome & Token Parity
123,Q04,Category A — Simple Aggregations & Groupings,How many transactions were recorded per market type?,True,True,0,True,True,0,1,1,0,740.0,818.0,78.0,8905.22,10780.52,1875.3,0,ADMITTED,,False,False,False,True,True,False,Parity with Token Overhead
123,Q05,Category A — Simple Aggregations & Groupings,What is the total net profit by calendar quarter in 2025?,True,True,0,False,False,0,0,0,0,360.0,360.0,0.0,5010.07,7187.27,2177.2,0,NONE,,False,False,True,False,True,False,Semantic Divergence
123,Q06,Category B — Multi-Table Analytical Joins,What is the total gross revenue by geographic region?,True,True,0,True,True,0,0,0,0,329.0,329.0,0.0,4477.5,6531.2,2053.7,0,NONE,,False,False,False,False,True,False,Outcome & Token Parity
123,Q07,Category B — Multi-Table Analytical Joins,What is the total net profit by product category and market type?,True,True,0,True,True,0,0,0,0,393.0,393.0,0.0,5397.2,7530.16,2132.96,0,NONE,,False,False,False,False,True,False,Outcome & Token Parity
123,Q08,Category B — Multi-Table Analytical Joins,What is the total units sold by region and calendar month in 2025?,True,True,0,True,True,0,0,1,1,414.0,1092.0,678.0,5733.71,13798.69,8064.98,1,EXISTING_REINFORCED,mem-9a657f60,False,True,False,True,True,False,Mode 4 Extra Retries
123,Q09,Category B — Multi-Table Analytical Joins,What is the total gross revenue and net profit for Hardware category by region?,True,True,0,True,True,0,0,0,0,406.0,406.0,0.0,5844.94,7933.98,2089.04,0,NONE,,False,False,False,False,True,False,Outcome & Token Parity
123,Q10,Category B — Multi-Table Analytical Joins,What is the average discount applied per product sub-category in the Enterprise market?,True,True,0,True,True,0,0,0,0,400.0,400.0,0.0,5589.69,7778.49,2188.8,1,NONE,,False,False,False,False,True,False,Outcome & Token Parity
123,Q11,Category B — Multi-Table Analytical Joins,What is the total net profit by day of the week for the Commercial market type?,False,False,0,False,False,0,3,3,0,2088.0,2553.0,465.0,22949.13,25393.73,2444.6,0,TERMINAL_FAILURE_NOT_ADMITTED,,True,False,False,True,True,False,Execution Failure
123,Q12,Category B — Multi-Table Analytical Joins,What is the total units sold by product name in the EMEA region?,True,True,0,True,True,0,0,0,0,395.0,395.0,0.0,5390.76,7610.97,2220.21,0,NONE,,False,False,False,False,True,False,Outcome & Token Parity
123,Q13,Category B — Multi-Table Analytical Joins,What is the total gross revenue by zone in North America?,True,True,0,True,True,0,1,1,0,758.0,840.0,82.0,8875.28,13227.3,4352.02,0,ADMITTED,,False,False,False,True,True,False,Parity with Token Overhead
123,Q14,Category C — Advanced Analytical Queries,Rank product categories by total gross revenue.,True,True,0,False,False,0,0,0,0,340.0,340.0,0.0,4764.49,6795.31,2030.82,0,NONE,,False,False,True,False,True,False,Semantic Divergence
123,Q15,Category C — Advanced Analytical Queries,Calculate the running total of gross revenue across calendar months of 2025.,True,True,0,False,False,0,1,1,0,891.0,984.0,93.0,11212.11,15875.53,4663.42,0,ADMITTED,,False,False,True,True,True,False,Semantic Divergence
123,Q16,Category C — Advanced Analytical Queries,What are the top 3 products by total net profit?,True,True,0,True,True,0,0,0,0,347.0,347.0,0.0,4886.85,7032.13,2145.28,1,NONE,,False,False,False,False,True,False,Outcome & Token Parity
123,Q17,Category C — Advanced Analytical Queries,Show monthly gross revenue along with previous month gross revenue in 2025 using LAG.,True,True,0,False,False,0,1,1,0,935.0,1212.0,277.0,12505.21,15367.25,2862.04,3,EXISTING_REINFORCED,mem-3a591268,False,False,True,True,True,False,Semantic Divergence
123,Q18,Category C — Advanced Analytical Queries,"For each product category, rank products by total units sold.",True,True,0,False,False,0,0,0,0,346.0,346.0,0.0,4839.57,6972.54,2132.96,3,NONE,,False,False,True,False,True,False,Semantic Divergence
123,Q19,Category C — Advanced Analytical Queries,What is the percentage contribution of each region to total gross revenue?,True,True,0,False,False,0,0,2,2,368.0,1598.0,1230.0,5845.6,17771.76,11926.16,1,EXISTING_REINFORCED,mem-b89b015e,False,True,True,True,True,True,Mode 4 Extra Retries
123,Q20,Category D — Semantic / Schema Trap Queries,What is the total revenue by region?,True,True,0,True,True,0,0,0,0,325.0,325.0,0.0,4337.73,6565.3,2227.57,1,NONE,,False,False,False,False,True,False,Outcome & Token Parity
123,Q21,Category D — Semantic / Schema Trap Queries,Show total discount by product category.,True,True,0,True,True,0,0,0,0,326.0,326.0,0.0,4216.89,6439.96,2223.07,1,NONE,,False,False,False,False,True,False,Outcome & Token Parity
123,Q22,Category D — Semantic / Schema Trap Queries,What is the total profit for each product category?,True,True,0,True,True,0,0,0,0,330.0,330.0,0.0,4257.7,6463.44,2205.74,1,NONE,,False,False,False,False,True,False,Outcome & Token Parity
123,Q23,Category D — Semantic / Schema Trap Queries,What is the average cost of products in each sub-category?,True,True,0,True,True,0,0,0,0,313.0,313.0,0.0,3597.34,5684.76,2087.42,1,NONE,,False,False,False,False,True,False,Outcome & Token Parity
123,Q24,Category D — Semantic / Schema Trap Queries,What is the total gross revenue by market?,True,True,0,True,True,0,0,0,0,330.0,330.0,0.0,4586.9,6677.31,2090.41,1,NONE,,False,False,False,False,True,False,Outcome & Token Parity
123,Q25,Category D — Semantic / Schema Trap Queries,What is the total profit and total revenue for each market type?,True,True,0,False,False,0,0,0,0,364.0,364.0,0.0,5643.83,7803.12,2159.28,1,NONE,,False,False,True,False,True,False,Semantic Divergence
999,Q01,Category A — Simple Aggregations & Groupings,What is the total gross revenue across all transactions?,True,True,0,True,True,0,0,0,0,378.0,378.0,0.0,3241.87,3301.97,60.1,0,NONE,,False,False,False,False,True,False,Outcome & Token Parity
999,Q02,Category A — Simple Aggregations & Groupings,What is the total units sold by product category?,True,True,0,True,True,0,0,0,0,330.0,330.0,0.0,4262.05,4315.33,53.28,0,NONE,,False,False,False,False,True,False,Outcome & Token Parity
999,Q03,Category A — Simple Aggregations & Groupings,What is the average discount applied across all transactions?,True,True,0,True,True,0,0,0,0,375.0,375.0,0.0,3034.98,3051.14,16.16,0,NONE,,False,False,False,False,True,False,Outcome & Token Parity
999,Q04,Category A — Simple Aggregations & Groupings,How many transactions were recorded per market type?,True,True,0,True,True,0,1,1,0,740.0,818.0,78.0,8878.02,10870.22,1992.2,0,ADMITTED,,False,False,False,True,True,False,Parity with Token Overhead
999,Q05,Category A — Simple Aggregations & Groupings,What is the total net profit by calendar quarter in 2025?,True,True,0,False,False,0,0,0,0,360.0,360.0,0.0,5010.22,7095.07,2084.85,0,NONE,,False,False,True,False,True,False,Semantic Divergence
999,Q06,Category B — Multi-Table Analytical Joins,What is the total gross revenue by geographic region?,True,True,0,True,True,0,0,0,0,329.0,329.0,0.0,4481.76,6517.8,2036.04,0,NONE,,False,False,False,False,True,False,Outcome & Token Parity
999,Q07,Category B — Multi-Table Analytical Joins,What is the total net profit by product category and market type?,True,True,0,True,True,0,0,0,0,393.0,393.0,0.0,5375.73,7553.37,2177.64,0,NONE,,False,False,False,False,True,False,Outcome & Token Parity
999,Q08,Category B — Multi-Table Analytical Joins,What is the total units sold by region and calendar month in 2025?,True,True,0,True,True,0,0,1,1,414.0,1092.0,678.0,5702.18,13664.4,7962.22,1,EXISTING_REINFORCED,mem-67c56e5b,False,True,False,True,True,False,Mode 4 Extra Retries
999,Q09,Category B — Multi-Table Analytical Joins,What is the total gross revenue and net profit for Hardware category by region?,True,True,0,True,True,0,0,0,0,406.0,406.0,0.0,5827.3,7850.14,2022.85,0,NONE,,False,False,False,False,True,False,Outcome & Token Parity
999,Q10,Category B — Multi-Table Analytical Joins,What is the average discount applied per product sub-category in the Enterprise market?,True,True,0,True,True,0,0,0,0,400.0,400.0,0.0,5562.28,7714.25,2151.97,1,NONE,,False,False,False,False,True,False,Outcome & Token Parity
999,Q11,Category B — Multi-Table Analytical Joins,What is the total net profit by day of the week for the Commercial market type?,False,False,0,False,False,0,3,3,0,2088.0,2553.0,465.0,22796.85,24955.05,2158.21,0,TERMINAL_FAILURE_NOT_ADMITTED,,True,False,False,True,True,False,Execution Failure
999,Q12,Category B — Multi-Table Analytical Joins,What is the total units sold by product name in the EMEA region?,True,True,0,True,True,0,0,0,0,395.0,395.0,0.0,5401.32,7511.03,2109.71,0,NONE,,False,False,False,False,True,False,Outcome & Token Parity
999,Q13,Category B — Multi-Table Analytical Joins,What is the total gross revenue by zone in North America?,True,True,0,True,True,0,1,1,0,758.0,840.0,82.0,8970.35,12981.73,4011.38,0,ADMITTED,,False,False,False,True,True,False,Parity with Token Overhead
999,Q14,Category C — Advanced Analytical Queries,Rank product categories by total gross revenue.,True,True,0,False,False,0,0,0,0,340.0,340.0,0.0,4758.86,6985.85,2226.99,0,NONE,,False,False,True,False,True,False,Semantic Divergence
999,Q15,Category C — Advanced Analytical Queries,Calculate the running total of gross revenue across calendar months of 2025.,True,True,0,False,False,0,1,1,0,909.0,984.0,75.0,11598.46,15891.14,4292.68,0,ADMITTED,,False,False,True,True,True,False,Semantic Divergence
999,Q16,Category C — Advanced Analytical Queries,What are the top 3 products by total net profit?,True,True,0,True,True,0,0,0,0,347.0,347.0,0.0,4810.77,7251.14,2440.37,1,NONE,,False,False,False,False,True,False,Outcome & Token Parity
999,Q17,Category C — Advanced Analytical Queries,Show monthly gross revenue along with previous month gross revenue in 2025 using LAG.,True,True,0,False,False,0,1,1,0,935.0,1209.0,274.0,12490.07,15470.98,2980.91,3,EXISTING_REINFORCED,mem-67c56e5b,False,False,True,True,True,False,Semantic Divergence
999,Q18,Category C — Advanced Analytical Queries,"For each product category, rank products by total units sold.",True,True,0,False,False,0,0,0,0,346.0,346.0,0.0,4859.83,7034.31,2174.48,3,NONE,,False,False,True,False,True,False,Semantic Divergence
999,Q19,Category C — Advanced Analytical Queries,What is the percentage contribution of each region to total gross revenue?,True,True,0,False,False,0,0,2,2,368.0,1598.0,1230.0,5856.17,17816.64,11960.47,1,EXISTING_REINFORCED,mem-35e3ff3f,False,True,True,True,True,True,Mode 4 Extra Retries
999,Q20,Category D — Semantic / Schema Trap Queries,What is the total revenue by region?,True,True,0,True,True,0,0,0,0,325.0,325.0,0.0,4337.75,6570.5,2232.74,1,NONE,,False,False,False,False,True,False,Outcome & Token Parity
999,Q21,Category D — Semantic / Schema Trap Queries,Show total discount by product category.,True,True,0,True,True,0,0,0,0,326.0,326.0,0.0,4207.76,6441.17,2233.41,1,NONE,,False,False,False,False,True,False,Outcome & Token Parity
999,Q22,Category D — Semantic / Schema Trap Queries,What is the total profit for each product category?,True,True,0,True,True,0,0,0,0,330.0,330.0,0.0,4246.01,6397.45,2151.44,1,NONE,,False,False,False,False,True,False,Outcome & Token Parity
999,Q23,Category D — Semantic / Schema Trap Queries,What is the average cost of products in each sub-category?,True,True,0,True,True,0,0,0,0,313.0,313.0,0.0,3582.93,5698.75,2115.82,1,NONE,,False,False,False,False,True,False,Outcome & Token Parity
999,Q24,Category D — Semantic / Schema Trap Queries,What is the total gross revenue by market?,True,True,0,True,True,0,0,0,0,330.0,330.0,0.0,4571.16,6652.74,2081.58,1,NONE,,False,False,False,False,True,False,Outcome & Token Parity
999,Q25,Category D — Semantic / Schema Trap Queries,What is the total profit and total revenue for each market type?,True,True,0,False,False,0,0,0,0,364.0,364.0,0.0,5652.12,7887.35,2235.23,1,NONE,,False,False,True,False,True,False,Semantic Divergence
