run_id,mode,query_id,memory_id,rank,distance_l2_sq,similarity,retrieval_similarity_threshold,passed_retrieval_threshold,top_k,candidate_returned_by_faiss,retrieval_count,accepted_memory_count,store_size_before_retrieval,store_size_after_query
seed42,Mode 4 (Full ARMG),Q01,,,,,0.5,False,3,False,0,0,0,0
seed42,Mode 4 (Full ARMG),Q02,,,,,0.5,False,3,False,0,0,0,0
seed42,Mode 4 (Full ARMG),Q03,,,,,0.5,False,3,False,0,0,0,0
seed42,Mode 4 (Full ARMG),Q04,,,,,0.5,False,3,False,0,0,0,1
seed42,Mode 4 (Full ARMG),Q05,mem-5827eba7,1.0,1.948785,0.339123,0.5,False,3,True,0,0,1,1
seed42,Mode 4 (Full ARMG),Q06,mem-5827eba7,1.0,1.95013,0.338968,0.5,False,3,True,0,0,1,1
seed42,Mode 4 (Full ARMG),Q07,mem-5827eba7,1.0,1.964547,0.33732,0.5,False,3,True,0,0,1,1
seed42,Mode 4 (Full ARMG),Q08,mem-5827eba7,1.0,0.077465,0.928105,0.5,True,3,True,1,1,1,1
seed42,Mode 4 (Full ARMG),Q09,mem-5827eba7,1.0,2.038882,0.329068,0.5,False,3,True,0,0,1,1
seed42,Mode 4 (Full ARMG),Q10,mem-5827eba7,1.0,0.076648,0.928809,0.5,True,3,True,1,1,1,1
seed42,Mode 4 (Full ARMG),Q11,mem-5827eba7,1.0,2.079174,0.324762,0.5,False,3,True,0,0,1,1
seed42,Mode 4 (Full ARMG),Q12,mem-5827eba7,1.0,1.971317,0.336551,0.5,False,3,True,0,0,1,1
seed42,Mode 4 (Full ARMG),Q13,mem-5827eba7,1.0,2.035887,0.329393,0.5,False,3,True,0,0,1,2
seed42,Mode 4 (Full ARMG),Q14,mem-9b6c11a8,1.0,1.975596,0.336067,0.5,False,3,True,0,0,2,2
seed42,Mode 4 (Full ARMG),Q14,mem-5827eba7,2.0,1.997832,0.333574,0.5,False,3,True,0,0,2,2
seed42,Mode 4 (Full ARMG),Q15,mem-5827eba7,1.0,1.958055,0.33806,0.5,False,3,True,0,0,2,3
seed42,Mode 4 (Full ARMG),Q15,mem-9b6c11a8,2.0,2.0479,0.328095,0.5,False,3,True,0,0,2,3
seed42,Mode 4 (Full ARMG),Q16,mem-59c60932,1.0,0.079971,0.92595,0.5,True,3,True,1,1,3,3
seed42,Mode 4 (Full ARMG),Q16,mem-5827eba7,2.0,1.955442,0.338359,0.5,False,3,True,1,1,3,3
seed42,Mode 4 (Full ARMG),Q16,mem-9b6c11a8,3.0,2.039063,0.329049,0.5,False,3,True,1,1,3,3
seed42,Mode 4 (Full ARMG),Q17,mem-5827eba7,1.0,0.833639,0.545364,0.5,True,3,True,3,3,3,3
seed42,Mode 4 (Full ARMG),Q17,mem-59c60932,2.0,0.840625,0.543294,0.5,True,3,True,3,3,3,3
seed42,Mode 4 (Full ARMG),Q17,mem-9b6c11a8,3.0,0.885877,0.530257,0.5,True,3,True,3,3,3,3
seed42,Mode 4 (Full ARMG),Q18,mem-5827eba7,1.0,0.833639,0.545364,0.5,True,3,True,3,3,3,3
seed42,Mode 4 (Full ARMG),Q18,mem-59c60932,2.0,0.840625,0.543294,0.5,True,3,True,3,3,3,3
seed42,Mode 4 (Full ARMG),Q18,mem-9b6c11a8,3.0,0.885877,0.530257,0.5,True,3,True,3,3,3,3
seed42,Mode 4 (Full ARMG),Q19,mem-59c60932,1.0,0.07676,0.928712,0.5,True,3,True,1,1,3,3
seed42,Mode 4 (Full ARMG),Q19,mem-5827eba7,2.0,1.979279,0.335652,0.5,False,3,True,1,1,3,3
seed42,Mode 4 (Full ARMG),Q19,mem-9b6c11a8,3.0,2.030208,0.33001,0.5,False,3,True,1,1,3,3
seed42,Mode 4 (Full ARMG),Q20,mem-9b6c11a8,1.0,0.071754,0.93305,0.5,True,3,True,1,1,3,3
seed42,Mode 4 (Full ARMG),Q20,mem-5827eba7,2.0,2.027081,0.330351,0.5,False,3,True,1,1,3,3
seed42,Mode 4 (Full ARMG),Q20,mem-59c60932,3.0,2.038892,0.329067,0.5,False,3,True,1,1,3,3
seed42,Mode 4 (Full ARMG),Q21,mem-5827eba7,1.0,0.078206,0.927467,0.5,True,3,True,1,1,3,3
seed42,Mode 4 (Full ARMG),Q21,mem-59c60932,2.0,1.955585,0.338342,0.5,False,3,True,1,1,3,3
seed42,Mode 4 (Full ARMG),Q21,mem-9b6c11a8,3.0,2.038265,0.329135,0.5,False,3,True,1,1,3,3
seed42,Mode 4 (Full ARMG),Q22,mem-9b6c11a8,1.0,0.076294,0.929114,0.5,True,3,True,1,1,3,3
seed42,Mode 4 (Full ARMG),Q22,mem-59c60932,2.0,2.03174,0.329844,0.5,False,3,True,1,1,3,3
seed42,Mode 4 (Full ARMG),Q22,mem-5827eba7,3.0,2.040754,0.328866,0.5,False,3,True,1,1,3,3
seed42,Mode 4 (Full ARMG),Q23,mem-59c60932,1.0,0.073761,0.931306,0.5,True,3,True,1,1,3,3
seed42,Mode 4 (Full ARMG),Q23,mem-5827eba7,2.0,1.989108,0.334548,0.5,False,3,True,1,1,3,3
seed42,Mode 4 (Full ARMG),Q23,mem-9b6c11a8,3.0,2.032912,0.329716,0.5,False,3,True,1,1,3,3
seed42,Mode 4 (Full ARMG),Q24,mem-9b6c11a8,1.0,0.074836,0.930374,0.5,True,3,True,1,1,3,3
seed42,Mode 4 (Full ARMG),Q24,mem-5827eba7,2.0,2.020886,0.331029,0.5,False,3,True,1,1,3,3
seed42,Mode 4 (Full ARMG),Q24,mem-59c60932,3.0,2.021854,0.330923,0.5,False,3,True,1,1,3,3
seed42,Mode 4 (Full ARMG),Q25,mem-5827eba7,1.0,0.072878,0.932073,0.5,True,3,True,1,1,3,3
seed42,Mode 4 (Full ARMG),Q25,mem-59c60932,2.0,1.971118,0.336574,0.5,False,3,True,1,1,3,3
seed42,Mode 4 (Full ARMG),Q25,mem-9b6c11a8,3.0,2.047986,0.328085,0.5,False,3,True,1,1,3,3
